Metric,PENTEST-AI,ADAPT,CHATIOT,L2M-AID,Deep_RL,PenBox-DMAS
Detection Accuracy %,87.2,89.5,91.3,94.8,88.7,96.2
False Positive Rate,0.22,0.18,0.16,0.09,0.19,0.1
Remediation Success,,,,0.73,0.65,0.78
Edge Deployment,False,False,False,False,False,True
Cloud Independence,False,False,False,False,False,Hybrid
Novel-Pattern Learning,False,False,False,False,False,Yes (RL)
Multi-Agent Parallel,False,False,False,False,False,True
Fault Tolerance,,False,False,False,False,True
Hardware Integration,False,False,False,False,False,True
